Workbook

Sheet all_correspondences
A1: windc_sector | B1: windc_desc | C1: bea_summary | D1: bea_summary_desc | E1: oecd_code | F1: OECD ICIO Industry | G1: flag (0=possibilities, 1=error,2=ambiguous,3=perfect match) | H1: proposed sector | I1: which is larger?
A2: ote | B2: Other transportation equipment (3364OT) | C2: 3364OT | D2: Other transportation equipment | E2: C301 | F2: Building of ships and boats | G2: 0 | H2: Manufacture of other transport equipment | I2: windc
A3: adm | B3: Administrative and support services (561) | C3: 561 | D3: Administrative and support services | E3: N | F3: Administrative and support service activities | G3: 3 | H3: Administrative and support service activities | I3: match
A4: air | B4: Air transportation (481) | C4: 481 | D4: Air transportation | E4: H51 | F4: Air transport | G4: 3 | H4: Air transport | I4: match
A5: con | B5: Construction (23) | C5: 23 | D5: Construction | E5: F | F5: Construction | G5: 3 | H5: Construction | I5: match
A6: edu | B6: Educational services (61) | C6: 61 | D6: Educational services | E6: P | F6: Education | G6: 3 | H6: Education | I6: match
A7: uti | B7: Utilities (22) | C7: 22 | D7: Utilities | E7: D | F7: Electricity, gas, steam and air conditioning supply | G7: 3 | H7: Electricity, gas, steam and air conditioning supply | I7: match
A8: pip | B8: Pipeline transportation (486) | C8: 486 | D8: Pipeline transportation | E8: H49 | F8: Land transport and transport via pipelines | G8: 3 | H8: Land transport and transport via pipelines | I8: match
A9: pet | B9: Petroleum and coal products (324) | C9: 324 | D9: Petroleum and coal products | E9: C19 | F9: Manufacture of coke and refined petroleum products | G9: 0 | H9: Manufacture of coke and refined petroleum products | I9: match
A10: cep | B10: Computer and electronic products (334) | C10: 334 | D10: Computer and electronic products | E10: C26 | F10: Manufacture of computer, electronic and optical products | G10: 0 | H10: Manufacture of computer, electronic and optical products | I10: match
A11: eec | B11: Electrical equipment, appliances, and components (335) | C11: 335 | D11: Electrical equipment, appliances, and components | E11: C27 | F11: Manufacture of electrical equipment | G11: 3 | H11: Manufacture of electrical equipment | I11: match
A12: fmt | B12: Fabricated metal products (332) | C12: 332 | D12: Fabricated metal products | E12: C25 | F12: Manufacture of fabricated metal products | G12: 3 | H12: Manufacture of fabricated metal products | I12: match
A13: fbp | B13: Food and beverage and tobacco products (311FT) | C13: 311FT | D13: Food and beverage and tobacco products | E13: C10T12 | F13: Manufacture of food products | G13: 3 | H13: Manufacture of food and beverage and tobacco products | I13: match
A14: fpd | B14: Furniture and related products (337) | C14: 337 | D14: Furniture and related products | E14: C31T33 | F14: Manufacture of furniture | G14: 3 | H14: Manufacture of furniture | I14: match
A15: mch | B15: Machinery (333) | C15: 333 | D15: Machinery | E15: C28 | F15: Manufacture of machinery and equipment n.e.c. | G15: 3 | H15: Manufacture of machinery and equipment n.e.c. | I15: match
A16: mot | B16: Motor vehicles, bodies and trailers, and parts (3361MV) | C16: 3361MV | D16: Motor vehicles, bodies and trailers, and parts | E16: C29 | F16: Manufacture of motor vehicles, trailers and semi-trailers | G16: 3 | H16: Manufacture of motor vehicles, trailers and semi-trailers | I16: match
A17: nmp | B17: Nonmetallic mineral products (327) | C17: 327 | D17: Nonmetallic mineral products | E17: C23 | F17: Manufacture of other non-metallic mineral products | G17: 3 | H17: Manufacture of other non-metallic mineral products | I17: match
A18: ote | B18: Other transportation equipment (3364OT) | C18: 3364OT | D18: Other transportation equipment | E18: C302T309 | F18: Manufacture of other transport equipment | G18: 3 | H18: Manufacture of other transport equipment | I18: match
A19: pla | B19: Plastics and rubber products (326) | C19: 326 | D19: Plastics and rubber products | E19: C22 | F19: Manufacture of rubber and plastic products | G19: 3 | H19: Manufacture of rubber and plastic products | I19: match
A20: wpd | B20: Wood products (321) | C20: 321 | D20: Wood products | E20: C16 | F20: Manufacture of wood and of products of wood and cork | G20: 0 | H20: Manufacture of wood and of products of wood and cork | I20: match
A21: oil | B21: Oil and gas extraction (211) | C21: 211 | D21: Oil and gas extraction | E21: B06 | F21: Extraction of crude petroleum and natural gas | G21: 3 | H21: Oil and gas extraction | I21: match
A22: osv | B22: Other services, except government (81) | C22: 81 | D22: Other services, except government | E22: S | F22: Other service activities | G22: 0 | H22: Other service activities | I22: match
A23: tsv | B23: Miscellaneous professional, scientific, and technical services (5412OP) | C23: 5412OP | D23: Miscellaneous professional, scientific, and technical services | E23: M | F23: Professional, scientific and technical activities | G23: 3 | H23: Professional, scientific and technical activities | I23: match
A24: smn | B24: Support activities for mining (213) | C24: 213 | D24: Support activities for mining | E24: B09 | F24: Mining support service activities | G24: 3 | H24: Support activities for mining | I24: match
A25: wtt | B25: Water transportation (483) | C25: 483 | D25: Water transportation | E25: H50 | F25: Water transport | G25: 3 | H25: Water transport | I25: match
A26: agr | B26: Farms (111CA) | C26: 111CA | D26: Farms | E26: A01 | F26: Agriculture and hunting | G26: 0 | H26: Agriculture, hunting, forestry, fishing and related | I26: none
A27: fof | B27: Forestry, fishing, and related activities (113FF) | C27: 113FF | D27: Forestry, fishing, and related activities | E27: A01 | F27: Agriculture and hunting | G27: 0 | H27: Agriculture, hunting, forestry, fishing and related | I27: none
A28: agr | B28: Farms (111CA) | C28: 111CA | D28: Farms | E28: A02 | F28: Forestry and logging | G28: 0 | H28: Agriculture, hunting, forestry, fishing and related | I28: none
A29: fof | B29: Forestry, fishing, and related activities (113FF) | C29: 113FF | D29: Forestry, fishing, and related activities | E29: A02 | F29: Forestry and logging | G29: 0 | H29: Agriculture, hunting, forestry, fishing and related | I29: none
A30: agr | B30: Farms (111CA) | C30: 111CA | D30: Farms | E30: A03 | F30: Fishing and aquaculture | G30: 0 | H30: Agriculture, hunting, forestry, fishing and related | I30: none
A31: fof | B31: Forestry, fishing, and related activities (113FF) | C31: 113FF | D31: Forestry, fishing, and related activities | E31: A03 | F31: Fishing and aquaculture | G31: 0 | H31: Agriculture, hunting, forestry, fishing and related | I31: none
A32: brd | B32: Broadcasting and telecommunications (513) | C32: 513 | D32: Broadcasting and telecommunications | E32: J58T60 | F32: Publishing, Motion picture, video, television programme production and broadcasting activities | G32: 0 | H32: broadcasting, telecommunications, data processing, publishing, information services, motion picture, video, television | I32: none
A33: dat | B33: Data processing, internet publishing, and other information services (514) | C33: 514 | D33: Data processing, internet publishing, and other information services | E33: J58T60 | F33: Publishing, Motion picture, video, television programme production and broadcasting activities | G33: 0 | H33: broadcasting, telecommunications, data processing, publishing, information services, motion picture, video, television | I33: none
A34: mov | B34: Motion picture and sound recording industries (512) | C34: 512 | D34: Motion picture and sound recording industries | E34: J58T60 | F34: Publishing, Motion picture, video, television programme production and broadcasting activities | G34: 0 | H34: broadcasting, telecommunications, data processing, publishing, information services, motion picture, video, television | I34: none
A35: pub | B35: Publishing industries, except internet (includes software) (511) | C35: 511 | D35: Publishing industries, except internet (includes software) | E35: J58T60 | F35: Publishing, Motion picture, video, television programme production and broadcasting activities | G35: 0 | H35: broadcasting, telecommunications, data processing, publishing, information services, motion picture, video, television | I35: none
A36: brd | B36: Broadcasting and telecommunications (513) | C36: 513 | D36: Broadcasting and telecommunications | E36: J61 | F36: Telecommunications | G36: 0 | H36: broadcasting, telecommunications, data processing, publishing, information services, motion picture, video, television | I36: none
A37: osv | B37: Other services, except government (81) | C37: 81 | D37: Other services, except government | E37: J61 | F37: Telecommunications | G37: 0 | H37: X | I37: none
A38: com | B38: Computer systems design and related services (5415) | C38: 5415 | D38: Computer systems design and related services | E38: J62_63 | F38: Computer programming and information service activities | G38: 0 | H38: broadcasting, telecommunications, data processing, publishing, information services, motion picture, video, television | I38: none
A39: dat | B39: Data processing, internet publishing, and other information services (514) | C39: 514 | D39: Data processing, internet publishing, and other information services | E39: J62_63 | F39: Computer programming and information service activities | G39: 0 | H39: broadcasting, telecommunications, data processing, publishing, information services, motion picture, video, television | I39: none
A40: fbt | B40: Food and beverage stores (445) | C40: 445 | D40: Food and beverage stores | E40: G | F40: Wholesale and retail trade | G40: 0 | H40: Wholesale and retail trade, stores | I40: oecd
A41: gmt | B41: General merchandise stores (452) | C41: 452 | D41: General merchandise stores | E41: G | F41: Wholesale and retail trade | G41: 0 | H41: Wholesale and retail trade, stores | I41: oecd
A42: sec | B42: Securities, commodity contracts, and investments (523) | C42: 523 | D42: Securities, commodity contracts, and investments | E42: K | F42: Financial and insurance activities | G42: 2 | H42: Financial and insurance activities | I42: oecd
A43: amd | B43: Accommodation (721) | C43: 721 | D43: Accommodation | E43: I | F43: Accommodation and food service activities | G43: 0 | H43: Accommodation and food service activities | I43: oecd
A44: res | B44: Food services and drinking places (722) | C44: 722 | D44: Food services and drinking places | E44: I | F44: Accommodation and food service activities | G44: 0 | H44: Accommodation and food service activities | I44: oecd
A45: art | B45: Performing arts, spectator sports, museums, and related activities (711AS) | C45: 711AS | D45: Performing arts, spectator sports, museums, and related activities | E45: R | F45: Arts, entertainment and recreation activities | G45: 0 | H45: Arts, entertainment and recreation activities | I45: oecd
A46: rec | B46: Amusements, gambling, and recreation industries (713) | C46: 713 | D46: Amusements, gambling, and recreation industries | E46: R | F46: Arts, entertainment and recreation activities | G46: 0 | H46: Arts, entertainment and recreation activities | I46: oecd
A47: bnk | B47: Federal Reserve banks, credit intermediation, and related activities (521CI) | C47: 521CI | D47: Federal Reserve banks, credit intermediation, and related activities | E47: K | F47: Financial and insurance activities | G47: 0 | H47: Financial and insurance activities | I47: oecd
A48: fin | B48: Funds, trusts, and other financial vehicles (525) | C48: 525 | D48: Funds, trusts, and other financial vehicles | E48: K | F48: Financial and insurance activities | G48: 0 | H48: Financial and insurance activities | I48: oecd
A49: ins | B49: Insurance carriers and related activities (524) | C49: 524 | D49: Insurance carriers and related activities | E49: K | F49: Financial and insurance activities | G49: 0 | H49: Financial and insurance activities | I49: oecd
A50: amb | B50: Ambulatory health care services (621) | C50: 621 | D50: Ambulatory health care services | E50: Q | F50: Human health and social work activities | G50: 0 | H50: Human health and social work activities | I50: oecd
A51: hos | B51: Hospitals (622) | C51: 622 | D51: Hospitals | E51: Q | F51: Human health and social work activities | G51: 0 | H51: Human health and social work activities | I51: oecd
A52: nrs | B52: Nursing and residential care facilities (623) | C52: 623 | D52: Nursing and residential care facilities | E52: Q | F52: Human health and social work activities | G52: 0 | H52: Human health and social work activities | I52: oecd
A53: soc | B53: Social assistance (624) | C53: 624 | D53: Social assistance | E53: Q | F53: Human health and social work activities | G53: 0 | H53: Human health and social work activities | I53: oecd
A54: ppd | B54: Paper products (322) | C54: 322 | D54: Paper products | E54: C17_18 | F54: Manufacture of paper and paper products | G54: 0 | H54: Manufacture of paper and paper products | I54: oecd
A55: pri | B55: Printing and related support activities (323) | C55: 323 | D55: Printing and related support activities | E55: C17_18 | F55: Manufacture of paper and paper products | G55: 0 | H55: Manufacture of paper and paper products | I55: oecd
A56: alt | B56: Apparel and leather and allied products (315AL) | C56: 315AL | D56: Apparel and leather and allied products | E56: C13T15 | F56: Manufacture of textiles, wearing apparel, leather and related products | G56: 0 | H56: Manufacture of textiles, wearing apparel, leather and related products | I56: oecd
A57: tex | B57: Textile mills and textile product mills (313TT) | C57: 313TT | D57: Textile mills and textile product mills | E57: C13T15 | F57: Manufacture of textiles, wearing apparel, leather and related products | G57: 0 | H57: Manufacture of textiles, wearing apparel, leather and related products | I57: oecd
A58: fdd | B58: Federal general government (defense) (GFGD) | C58: GFGD | D58: Federal general government (defense) | E58: O | F58: Public administration and defence | G58: 3 | H58: Public administration and defence | I58: oecd
A59: fnd | B59: Federal general government (nondefense) (GFGN) | C59: GFGN | D59: Federal general government (nondefense) | E59: O | F59: Public administration and defence | G59: 0 | H59: Public administration and defence | I59: oecd
A60: sle | B60: State and local government enterprises (GSLE) | C60: GSLE | D60: State and local government enterprises | E60: O | F60: Public administration and defence | G60: 0 | H60: Public administration and defence | I60: oecd
A61: slg | B61: State and local general government (GSLG) | C61: GSLG | D61: State and local general government | E61: O | F61: Public administration and defence | G61: 0 | H61: Public administration and defence | I61: oecd
A62: hou | B62: Housing (HS) | C62: HS | D62: Housing | E62: L | F62: Real estate activities | G62: 0 | H62: Real estate activities | I62: oecd
A63: ore | B63: Other real estate (ORE) | C63: ORE | D63: Other real estate | E63: L | F63: Real estate activities | G63: 0 | H63: Real estate activities | I63: oecd
A64: otr | B64: Other transportation and support activities (487OS) | C64: 487OS | D64: Other transportation and support activities | E64: H52 | F64: Warehousing and support activities for transportation | G64: 0 | H64: Warehousing and support activities for transportation | I64: oecd
A65: wrh | B65: Warehousing and storage (493) | C65: 493 | D65: Warehousing and storage | E65: H52 | F65: Warehousing and support activities for transportation | G65: 0 | H65: Warehousing and support activities for transportation | I65: oecd
A66: ott | B66: Other retail (4A0) | C66: 4A0 | D66: Other retail | E66: G | F66: Wholesale and retail trade | G66: 0 | H66: Wholesale and retail trade | I66: oecd
A67: wht | B67: Wholesale trade (42) | C67: 42 | D67: Wholesale trade | E67: G | F67: Wholesale and retail trade | G67: 0 | H67: Wholesale and retail trade | I67: oecd
A68: fen | B68: Federal government enterprises (GFE) | C68: GFE | D68: Federal government enterprises | E68: H53 | F68: Postal and courier activities | G68: 0 | H68: Federal government enterprises (GFE) | I68: windc
A69: che | B69: Chemical products (325) | C69: 325 | D69: Chemical products | E69: C20 | F69: Manufacture of chemicals and chemical products | G69: 0 | H69: Manufacture of chemicals and chemical products, pharmaceutical | I69: windc
A70: che | B70: Chemical products (325) | C70: 325 | D70: Chemical products | E70: C21 | F70: Manufacture of basic pharmaceutical products and pharmaceutical preparations | G70: 0 | H70: Manufacture of chemicals and chemical products, pharmaceutical | I70: windc
A71: min | B71: Mining, except oil and gas (212) | C71: 212 | D71: Mining, except oil and gas | E71: B05 | F71: Mining of coal and lignite | G71: 0 | H71: Mining, except oil & gas | I71: windc
A72: min | B72: Mining, except oil and gas (212) | C72: 212 | D72: Mining, except oil and gas | E72: B07 | F72: Mining of metal ores | G72: 0 | H72: Mining, except oil & gas | I72: windc
A73: min | B73: Mining, except oil and gas (212) | C73: 212 | D73: Mining, except oil and gas | E73: B08 | F73: Other mining and quarrying | G73: 0 | H73: Mining, except oil & gas | I73: windc
A74: pmt | B74: Primary metals (331) | C74: 331 | D74: Primary metals | E74: C24A | F74: Manufacture of basic iron and steel | G74: 0 | H74: primary metals | I74: windc
A75: pmt | B75: Primary metals (331) | C75: 331 | D75: Primary metals | E75: C24B | F75: Manufacture of basic precious and other non-ferrous metals | G75: 0 | H75: primary metals | I75: windc
A76: fpd | B76: Furniture and related products (337) | C76: 337 | D76: Furniture and related products | E76: C16 | F76: Manufacture of wood and of products of wood and cork | G76: 3 | H76: X
A77: man | B77: Management of companies and enterprises (55) | C77: 55 | D77: Management of companies and enterprises | E77: K | F77: Financial and insurance activities | G77: 2 | H77: X
A78: tsv | B78: Miscellaneous professional, scientific, and technical services (5412OP) | C78: 5412OP | D78: Miscellaneous professional, scientific, and technical services | E78: K | F78: Financial and insurance activities | G78: 2 | H78: X
A79: sec | B79: Securities, commodity contracts, and investments (523) | C79: 523 | D79: Securities, commodity contracts, and investments | E79: L | F79: Real estate activities | G79: 2 | H79: X
A80: osv | B80: Other services, except government (81) | C80: 81 | D80: Other services, except government | E80: T | F80: Activities of households as employers | G80: 2 | H80: X
A81: fbp | B81: Food and beverage and tobacco products (311FT) | C81: 311FT | D81: Food and beverage and tobacco products | E81: A03 | F81: Fishing and aquaculture | G81: 1 | H81: X
A82: oil | B82: Oil and gas extraction (211) | C82: 211 | D82: Oil and gas extraction | E82: B05 | F82: Mining of coal and lignite | G82: 1 | H82: X
A83: fbp | B83: Food and beverage and tobacco products (311FT) | C83: 311FT | D83: Food and beverage and tobacco products | E83: B08 | F83: Other mining and quarrying | G83: 1 | H83: X
A84: otr | B84: Other transportation and support activities (487OS) | C84: 487OS | D84: Other transportation and support activities | E84: B09 | F84: Mining support service activities | G84: 1 | H84: X
A85: agr | B85: Farms (111CA) | C85: 111CA | D85: Farms | E85: C10T12 | F85: Manufacture of food products | G85: 1 | H85: X
A86: adm | B86: Administrative and support services (561) | C86: 561 | D86: Administrative and support services | E86: C13T15 | F86: Manufacture of textiles, wearing apparel, leather and related products | G86: 1 | H86: X
A87: eec | B87: Electrical equipment, appliances, and components (335) | C87: 335 | D87: Electrical equipment, appliances, and components | E87: C13T15 | F87: Manufacture of textiles, wearing apparel, leather and related products | G87: 1 | H87: X
A88: fpd | B88: Furniture and related products (337) | C88: 337 | D88: Furniture and related products | E88: C13T15 | F88: Manufacture of textiles, wearing apparel, leather and related products | G88: 1 | H88: X
A89: mot | B89: Motor vehicles, bodies and trailers, and parts (3361MV) | C89: 3361MV | D89: Motor vehicles, bodies and trailers, and parts | E89: C13T15 | F89: Manufacture of textiles, wearing apparel, leather and related products | G89: 1 | H89: X
A90: ppd | B90: Paper products (322) | C90: 322 | D90: Paper products | E90: C13T15 | F90: Manufacture of textiles, wearing apparel, leather and related products | G90: 1 | H90: X
A91: pri | B91: Printing and related support activities (323) | C91: 323 | D91: Printing and related support activities | E91: C13T15 | F91: Manufacture of textiles, wearing apparel, leather and related products | G91: 1 | H91: X
A92: fof | B92: Forestry, fishing, and related activities (113FF) | C92: 113FF | D92: Forestry, fishing, and related activities | E92: C16 | F92: Manufacture of wood and of products of wood and cork | G92: 0 | H92: X
A93: mmf | B93: Miscellaneous manufacturing (339) | C93: 339 | D93: Miscellaneous manufacturing | E93: C16 | F93: Manufacture of wood and of products of wood and cork | G93: 2 | H93: X
A94: pet | B94: Petroleum and coal products (324) | C94: 324 | D94: Petroleum and coal products | E94: C16 | F94: Manufacture of wood and of products of wood and cork | G94: 1 | H94: X
A95: cep | B95: Computer and electronic products (334) | C95: 334 | D95: Computer and electronic products | E95: C17_18 | F95: Manufacture of paper and paper products | G95: 1 | H95: X
A96: fmt | B96: Fabricated metal products (332) | C96: 332 | D96: Fabricated metal products | E96: C17_18 | F96: Manufacture of paper and paper products | G96: 1 | H96: X
A97: mmf | B97: Miscellaneous manufacturing (339) | C97: 339 | D97: Miscellaneous manufacturing | E97: C17_18 | F97: Manufacture of paper and paper products | G97: 2 | H97: X
A98: che | B98: Chemical products (325) | C98: 325 | D98: Chemical products | E98: C19 | F98: Manufacture of coke and refined petroleum products | G98: 2 | H98: X
A99: fbp | B99: Food and beverage and tobacco products (311FT) | C99: 311FT | D99: Food and beverage and tobacco products | E99: C20 | F99: Manufacture of chemicals and chemical products | G99: 1 | H99: X
A100: fmt | B100: Fabricated metal products (332) | C100: 332 | D100: Fabricated metal products | E100: C20 | F100: Manufacture of chemicals and chemical products | G100: 1 | H100: X
...

Sheet cleaned_correspondence
A1: windc_sector | B1: windc_desc | C1: bea_summary | D1: bea_summary_desc | E1: oecd_code | F1: OECD ICIO Industry | G1: flag (0=possibilities, 1=error,2=ambiguous,3=perfect match) | H1: proposed sector | I1: which is larger?
A2: ote | B2: Other transportation equipment (3364OT) | C2: 3364OT | D2: Other transportation equipment | E2: C301 | F2: Building of ships and boats | G2: 0 | H2: Manufacture of other transport equipment | I2: windc
A3: adm | B3: Administrative and support services (561) | C3: 561 | D3: Administrative and support services | E3: N | F3: Administrative and support service activities | G3: 3 | H3: Administrative and support service activities | I3: match
A4: air | B4: Air transportation (481) | C4: 481 | D4: Air transportation | E4: H51 | F4: Air transport | G4: 3 | H4: Air transport | I4: match
A5: con | B5: Construction (23) | C5: 23 | D5: Construction | E5: F | F5: Construction | G5: 3 | H5: Construction | I5: match
A6: edu | B6: Educational services (61) | C6: 61 | D6: Educational services | E6: P | F6: Education | G6: 3 | H6: Education | I6: match
A7: uti | B7: Utilities (22) | C7: 22 | D7: Utilities | E7: D | F7: Electricity, gas, steam and air conditioning supply | G7: 3 | H7: Electricity, gas, steam and air conditioning supply, and wasterwater | I7: none
A8: pip | B8: Pipeline transportation (486) | C8: 486 | D8: Pipeline transportation | E8: H49 | F8: Land transport and transport via pipelines | G8: 3 | H8: Land transport and transport via pipelines | I8: match
A9: pet | B9: Petroleum and coal products (324) | C9: 324 | D9: Petroleum and coal products | E9: C19 | F9: Manufacture of coke and refined petroleum products | G9: 0 | H9: Manufacture of coke and refined petroleum products | I9: match
A10: cep | B10: Computer and electronic products (334) | C10: 334 | D10: Computer and electronic products | E10: C26 | F10: Manufacture of computer, electronic and optical products | G10: 0 | H10: Manufacture of computer, electronic and optical products | I10: match
A11: eec | B11: Electrical equipment, appliances, and components (335) | C11: 335 | D11: Electrical equipment, appliances, and components | E11: C27 | F11: Manufacture of electrical equipment | G11: 3 | H11: Manufacture of electrical equipment | I11: match
A12: fmt | B12: Fabricated metal products (332) | C12: 332 | D12: Fabricated metal products | E12: C25 | F12: Manufacture of fabricated metal products | G12: 3 | H12: Manufacture of fabricated metal products | I12: match
A13: fbp | B13: Food and beverage and tobacco products (311FT) | C13: 311FT | D13: Food and beverage and tobacco products | E13: C10T12 | F13: Manufacture of food products | G13: 3 | H13: Manufacture of food and beverage and tobacco products | I13: match
A14: fpd | B14: Furniture and related products (337) | C14: 337 | D14: Furniture and related products | E14: C31T33 | F14: Manufacture of furniture | G14: 3 | H14: Manufacture of furniture | I14: match
A15: mch | B15: Machinery (333) | C15: 333 | D15: Machinery | E15: C28 | F15: Manufacture of machinery and equipment n.e.c. | G15: 3 | H15: Manufacture of machinery and equipment n.e.c. | I15: match
A16: mot | B16: Motor vehicles, bodies and trailers, and parts (3361MV) | C16: 3361MV | D16: Motor vehicles, bodies and trailers, and parts | E16: C29 | F16: Manufacture of motor vehicles, trailers and semi-trailers | G16: 3 | H16: Manufacture of motor vehicles, trailers and semi-trailers | I16: match
A17: nmp | B17: Nonmetallic mineral products (327) | C17: 327 | D17: Nonmetallic mineral products | E17: C23 | F17: Manufacture of other non-metallic mineral products | G17: 3 | H17: Manufacture of other non-metallic mineral products | I17: match
A18: ote | B18: Other transportation equipment (3364OT) | C18: 3364OT | D18: Other transportation equipment | E18: C302T309 | F18: Manufacture of other transport equipment | G18: 3 | H18: Manufacture of other transport equipment | I18: match
A19: pla | B19: Plastics and rubber products (326) | C19: 326 | D19: Plastics and rubber products | E19: C22 | F19: Manufacture of rubber and plastic products | G19: 3 | H19: Manufacture of rubber and plastic products | I19: match
A20: wpd | B20: Wood products (321) | C20: 321 | D20: Wood products | E20: C16 | F20: Manufacture of wood and of products of wood and cork | G20: 0 | H20: Manufacture of wood and of products of wood and cork | I20: match
A21: oil | B21: Oil and gas extraction (211) | C21: 211 | D21: Oil and gas extraction | E21: B06 | F21: Extraction of crude petroleum and natural gas | G21: 3 | H21: Oil and gas extraction | I21: match
A22: osv | B22: Other services, except government (81) | C22: 81 | D22: Other services, except government | E22: S | F22: Other service activities | G22: 0 | H22: Other service activities | I22: match
A23: tsv | B23: Miscellaneous professional, scientific, and technical services (5412OP) | C23: 5412OP | D23: Miscellaneous professional, scientific, and technical services | E23: M | F23: Professional, scientific and technical activities | G23: 3 | H23: Professional, scientific and technical activities | I23: match
A24: smn | B24: Support activities for mining (213) | C24: 213 | D24: Support activities for mining | E24: B09 | F24: Mining support service activities | G24: 3 | H24: Support activities for mining | I24: match
A25: wtt | B25: Water transportation (483) | C25: 483 | D25: Water transportation | E25: H50 | F25: Water transport | G25: 3 | H25: Water transport | I25: match
A26: agr | B26: Farms (111CA) | C26: 111CA | D26: Farms | E26: A01 | F26: Agriculture and hunting | G26: 0 | H26: Agriculture, hunting, forestry, fishing and related | I26: none
A27: fof | B27: Forestry, fishing, and related activities (113FF) | C27: 113FF | D27: Forestry, fishing, and related activities | E27: A01 | F27: Agriculture and hunting | G27: 0 | H27: Agriculture, hunting, forestry, fishing and related | I27: none
A28: agr | B28: Farms (111CA) | C28: 111CA | D28: Farms | E28: A02 | F28: Forestry and logging | G28: 0 | H28: Agriculture, hunting, forestry, fishing and related | I28: none
A29: fof | B29: Forestry, fishing, and related activities (113FF) | C29: 113FF | D29: Forestry, fishing, and related activities | E29: A02 | F29: Forestry and logging | G29: 0 | H29: Agriculture, hunting, forestry, fishing and related | I29: none
A30: agr | B30: Farms (111CA) | C30: 111CA | D30: Farms | E30: A03 | F30: Fishing and aquaculture | G30: 0 | H30: Agriculture, hunting, forestry, fishing and related | I30: none
A31: fof | B31: Forestry, fishing, and related activities (113FF) | C31: 113FF | D31: Forestry, fishing, and related activities | E31: A03 | F31: Fishing and aquaculture | G31: 0 | H31: Agriculture, hunting, forestry, fishing and related | I31: none
A32: brd | B32: Broadcasting and telecommunications (513) | C32: 513 | D32: Broadcasting and telecommunications | E32: J58T60 | F32: Publishing, Motion picture, video, television programme production and broadcasting activities | G32: 0 | H32: broadcasting, telecommunications, data processing, publishing, information services, motion picture, video, television | I32: none
A33: dat | B33: Data processing, internet publishing, and other information services (514) | C33: 514 | D33: Data processing, internet publishing, and other information services | E33: J58T60 | F33: Publishing, Motion picture, video, television programme production and broadcasting activities | G33: 0 | H33: broadcasting, telecommunications, data processing, publishing, information services, motion picture, video, television | I33: none
A34: mov | B34: Motion picture and sound recording industries (512) | C34: 512 | D34: Motion picture and sound recording industries | E34: J58T60 | F34: Publishing, Motion picture, video, television programme production and broadcasting activities | G34: 0 | H34: broadcasting, telecommunications, data processing, publishing, information services, motion picture, video, television | I34: none
A35: pub | B35: Publishing industries, except internet (includes software) (511) | C35: 511 | D35: Publishing industries, except internet (includes software) | E35: J58T60 | F35: Publishing, Motion picture, video, television programme production and broadcasting activities | G35: 0 | H35: broadcasting, telecommunications, data processing, publishing, information services, motion picture, video, television | I35: none
A36: brd | B36: Broadcasting and telecommunications (513) | C36: 513 | D36: Broadcasting and telecommunications | E36: J61 | F36: Telecommunications | G36: 0 | H36: broadcasting, telecommunications, data processing, publishing, information services, motion picture, video, television | I36: none
A37: com | B37: Computer systems design and related services (5415) | C37: 5415 | D37: Computer systems design and related services | E37: J62_63 | F37: Computer programming and information service activities | G37: 0 | H37: broadcasting, telecommunications, data processing, publishing, information services, motion picture, video, television | I37: none
A38: dat | B38: Data processing, internet publishing, and other information services (514) | C38: 514 | D38: Data processing, internet publishing, and other information services | E38: J62_63 | F38: Computer programming and information service activities | G38: 0 | H38: broadcasting, telecommunications, data processing, publishing, information services, motion picture, video, television | I38: none
A39: fbt | B39: Food and beverage stores (445) | C39: 445 | D39: Food and beverage stores | E39: G | F39: Wholesale and retail trade | G39: 0 | H39: Wholesale and retail trade, stores | I39: oecd
A40: gmt | B40: General merchandise stores (452) | C40: 452 | D40: General merchandise stores | E40: G | F40: Wholesale and retail trade | G40: 0 | H40: Wholesale and retail trade, stores | I40: oecd
A41: sec | B41: Securities, commodity contracts, and investments (523) | C41: 523 | D41: Securities, commodity contracts, and investments | E41: K | F41: Financial and insurance activities | G41: 2 | H41: Financial and insurance activities | I41: oecd
A42: amd | B42: Accommodation (721) | C42: 721 | D42: Accommodation | E42: I | F42: Accommodation and food service activities | G42: 0 | H42: Accommodation and food service activities | I42: oecd
A43: res | B43: Food services and drinking places (722) | C43: 722 | D43: Food services and drinking places | E43: I | F43: Accommodation and food service activities | G43: 0 | H43: Accommodation and food service activities | I43: oecd
A44: art | B44: Performing arts, spectator sports, museums, and related activities (711AS) | C44: 711AS | D44: Performing arts, spectator sports, museums, and related activities | E44: R | F44: Arts, entertainment and recreation activities | G44: 0 | H44: Arts, entertainment and recreation activities | I44: oecd
A45: rec | B45: Amusements, gambling, and recreation industries (713) | C45: 713 | D45: Amusements, gambling, and recreation industries | E45: R | F45: Arts, entertainment and recreation activities | G45: 0 | H45: Arts, entertainment and recreation activities | I45: oecd
A46: bnk | B46: Federal Reserve banks, credit intermediation, and related activities (521CI) | C46: 521CI | D46: Federal Reserve banks, credit intermediation, and related activities | E46: K | F46: Financial and insurance activities | G46: 0 | H46: Financial and insurance activities | I46: oecd
A47: fin | B47: Funds, trusts, and other financial vehicles (525) | C47: 525 | D47: Funds, trusts, and other financial vehicles | E47: K | F47: Financial and insurance activities | G47: 0 | H47: Financial and insurance activities | I47: oecd
A48: ins | B48: Insurance carriers and related activities (524) | C48: 524 | D48: Insurance carriers and related activities | E48: K | F48: Financial and insurance activities | G48: 0 | H48: Financial and insurance activities | I48: oecd
A49: amb | B49: Ambulatory health care services (621) | C49: 621 | D49: Ambulatory health care services | E49: Q | F49: Human health and social work activities | G49: 0 | H49: Human health and social work activities | I49: oecd
A50: hos | B50: Hospitals (622) | C50: 622 | D50: Hospitals | E50: Q | F50: Human health and social work activities | G50: 0 | H50: Human health and social work activities | I50: oecd
A51: nrs | B51: Nursing and residential care facilities (623) | C51: 623 | D51: Nursing and residential care facilities | E51: Q | F51: Human health and social work activities | G51: 0 | H51: Human health and social work activities | I51: oecd
A52: soc | B52: Social assistance (624) | C52: 624 | D52: Social assistance | E52: Q | F52: Human health and social work activities | G52: 0 | H52: Human health and social work activities | I52: oecd
A53: ppd | B53: Paper products (322) | C53: 322 | D53: Paper products | E53: C17_18 | F53: Manufacture of paper and paper products | G53: 0 | H53: Manufacture of paper and paper products | I53: oecd
A54: pri | B54: Printing and related support activities (323) | C54: 323 | D54: Printing and related support activities | E54: C17_18 | F54: Manufacture of paper and paper products | G54: 0 | H54: Manufacture of paper and paper products | I54: oecd
A55: alt | B55: Apparel and leather and allied products (315AL) | C55: 315AL | D55: Apparel and leather and allied products | E55: C13T15 | F55: Manufacture of textiles, wearing apparel, leather and related products | G55: 0 | H55: Manufacture of textiles, wearing apparel, leather and related products | I55: oecd
A56: tex | B56: Textile mills and textile product mills (313TT) | C56: 313TT | D56: Textile mills and textile product mills | E56: C13T15 | F56: Manufacture of textiles, wearing apparel, leather and related products | G56: 0 | H56: Manufacture of textiles, wearing apparel, leather and related products | I56: oecd
A57: fdd | B57: Federal general government (defense) (GFGD) | C57: GFGD | D57: Federal general government (defense) | E57: O | F57: Public administration and defence | G57: 3 | H57: Public administration and defence | I57: oecd
A58: fnd | B58: Federal general government (nondefense) (GFGN) | C58: GFGN | D58: Federal general government (nondefense) | E58: O | F58: Public administration and defence | G58: 0 | H58: Public administration and defence | I58: oecd
A59: sle | B59: State and local government enterprises (GSLE) | C59: GSLE | D59: State and local government enterprises | E59: O | F59: Public administration and defence | G59: 0 | H59: Public administration and defence | I59: oecd
A60: slg | B60: State and local general government (GSLG) | C60: GSLG | D60: State and local general government | E60: O | F60: Public administration and defence | G60: 0 | H60: Public administration and defence | I60: oecd
A61: hou | B61: Housing (HS) | C61: HS | D61: Housing | E61: L | F61: Real estate activities | G61: 0 | H61: Real estate activities | I61: oecd
A62: ore | B62: Other real estate (ORE) | C62: ORE | D62: Other real estate | E62: L | F62: Real estate activities | G62: 0 | H62: Real estate activities | I62: oecd
A63: otr | B63: Other transportation and support activities (487OS) | C63: 487OS | D63: Other transportation and support activities | E63: H52 | F63: Warehousing and support activities for transportation | G63: 0 | H63: Warehousing and support activities for transportation | I63: oecd
A64: wrh | B64: Warehousing and storage (493) | C64: 493 | D64: Warehousing and storage | E64: H52 | F64: Warehousing and support activities for transportation | G64: 0 | H64: Warehousing and support activities for transportation | I64: oecd
A65: ott | B65: Other retail (4A0) | C65: 4A0 | D65: Other retail | E65: G | F65: Wholesale and retail trade | G65: 0 | H65: Wholesale and retail trade | I65: oecd
A66: wht | B66: Wholesale trade (42) | C66: 42 | D66: Wholesale trade | E66: G | F66: Wholesale and retail trade | G66: 0 | H66: Wholesale and retail trade | I66: oecd
A67: fen | B67: Federal government enterprises (GFE) | C67: GFE | D67: Federal government enterprises | E67: H53 | F67: Postal and courier activities | G67: 0 | H67: Federal government enterprises (GFE) | I67: windc
A68: che | B68: Chemical products (325) | C68: 325 | D68: Chemical products | E68: C20 | F68: Manufacture of chemicals and chemical products | G68: 0 | H68: Manufacture of chemicals and chemical products, pharmaceutical | I68: windc
A69: che | B69: Chemical products (325) | C69: 325 | D69: Chemical products | E69: C21 | F69: Manufacture of basic pharmaceutical products and pharmaceutical preparations | G69: 0 | H69: Manufacture of chemicals and chemical products, pharmaceutical | I69: windc
A70: min | B70: Mining, except oil and gas (212) | C70: 212 | D70: Mining, except oil and gas | E70: B05 | F70: Mining of coal and lignite | G70: 0 | H70: Mining, except oil & gas | I70: windc
A71: min | B71: Mining, except oil and gas (212) | C71: 212 | D71: Mining, except oil and gas | E71: B07 | F71: Mining of metal ores | G71: 0 | H71: Mining, except oil & gas | I71: windc
A72: min | B72: Mining, except oil and gas (212) | C72: 212 | D72: Mining, except oil and gas | E72: B08 | F72: Other mining and quarrying | G72: 0 | H72: Mining, except oil & gas | I72: windc
A73: pmt | B73: Primary metals (331) | C73: 331 | D73: Primary metals | E73: C24A | F73: Manufacture of basic iron and steel | G73: 0 | H73: primary metals | I73: windc
A74: pmt | B74: Primary metals (331) | C74: 331 | D74: Primary metals | E74: C24B | F74: Manufacture of basic precious and other non-ferrous metals | G74: 0 | H74: primary metals | I74: windc
A75: grd | B75: Transit and ground passenger transportation (485) | C75: 485 | D75: Transit and ground passenger transportation | E75: H49 | F75: Land transport and transport via pipelines | G75: 1 | H75: Land transport and transport via pipelines | I75: oecd
A76: leg | B76: Legal services (5411) | C76: 5411 | D76: Legal services | E76: M | F76: Professional, scientific and technical activities | G76: 1 | H76: Professional, scientific and technical activities | I76: oecd
A77: man | B77: Management of companies and enterprises (55) | C77: 55 | D77: Management of companies and enterprises | E77: M | F77: Professional, scientific and technical activities | G77: 1 | H77: Professional, scientific and technical activities | I77: oecd
A78: mmf | B78: Miscellaneous manufacturing (339) | C78: 339 | D78: Miscellaneous manufacturing | E78: C28 | F78: Manufacture of machinery and equipment n.e.c. | G78: 1 | H78: Manufacture of machinery and equipment n.e.c. | I78: oecd
A79: mvt | B79: Motor vehicle and parts dealers (441) | C79: 441 | D79: Motor vehicle and parts dealers | E79: G | F79: Wholesale and retail trade | G79: 1 | H79: Wholesale and retail trade | I79: oecd
A80: rnt | B80: Rental and leasing services and lessors of intangible assets (532RL) | C80: 532RL | D80: Rental and leasing services and lessors of intangible assets | E80: N | F80: Administrative and support service activities | G80: 1 | H80: Other service activities | I80: oecd
A81: trk | B81: Truck transportation (484) | C81: 484 | D81: Truck transportation | E81: H49 | F81: Land transport and transport via pipelines | G81: 1 | H81: Land transport and transport via pipelines | I81: oecd
A82: trn | B82: Rail transportation (482) | C82: 482 | D82: Rail transportation | E82: H49 | F82: Land transport and transport via pipelines | G82: 1 | H82: Land transport and transport via pipelines | I82: oecd
A83: wst | B83: Waste management and remediation services (562) | C83: 562 | D83: Waste management and remediation services | E83: E | F83: Water supply | G83: 1 | H83: Electricity, gas, steam and air conditioning supply, and wasterwater | I83: none

Sheet new_sectors
A1: Accommodation and food service activities | B1: oecd
A2: Administrative and support service activities | B2: match
A3: Agriculture, hunting, forestry, fishing and related | B3: none
A4: Air transport | B4: match
A5: Arts, entertainment and recreation activities | B5: oecd
A6: broadcasting, telecommunications, data processing, publishing, information services, motion picture, video, television | B6: none
A7: Construction | B7: match
A8: Education | B8: match
A9: Electricity, gas, steam and air conditioning supply, and wasterwater | B9: none
A10: Federal government enterprises (GFE) | B10: windc
A11: Financial and insurance activities | B11: oecd
A12: Human health and social work activities | B12: oecd
... A40: Wholesale and retail trade, stores | B40: none

Sheet unique_windc_sectors
A1: adm | B1: =IF(COUNTIF(cleaned_correspondence!A:A,A1)=0,"MANQUANT","OK") -> OK
A2: agr | B2: =IF(COUNTIF(cleaned_correspondence!A:A,A2)=0,"MANQUANT","OK") -> OK
A3: air | B3: =IF(COUNTIF(cleaned_correspondence!A:A,A3)=0,"MANQUANT","OK") -> OK
A4: alt | B4: =IF(COUNTIF(cleaned_correspondence!A:A,A4)=0,"MANQUANT","OK") -> OK
A5: amb | B5: =IF(COUNTIF(cleaned_correspondence!A:A,A5)=0,"MANQUANT","OK") -> OK
A6: amd | B6: =IF(COUNTIF(cleaned_correspondence!A:A,A6)=0,"MANQUANT","OK") -> OK
A7: art | B7: =IF(COUNTIF(cleaned_correspondence!A:A,A7)=0,"MANQUANT","OK") -> OK
A8: bnk | B8: =IF(COUNTIF(cleaned_correspondence!A:A,A8)=0,"MANQUANT","OK") -> OK
A9: brd | B9: =IF(COUNTIF(cleaned_correspondence!A:A,A9)=0,"MANQUANT","OK") -> OK
A10: cep | B10: =IF(COUNTIF(cleaned_correspondence!A:A,A10)=0,"MANQUANT","OK") -> OK
A11: che | B11: =IF(COUNTIF(cleaned_correspondence!A:A,A11)=0,"MANQUANT","OK") -> OK
A12: com | B12: =IF(COUNTIF(cleaned_correspondence!A:A,A12)=0,"MANQUANT","OK") -> OK
... A71: wtt | B71: =IF(COUNTIF(cleaned_correspondence!A:A,A71)=0,"MANQUANT","OK") -> OK

Sheet unique_oecd_sectors
A1: A01 | B1: =IF(COUNTIF(cleaned_correspondence!E:E,A1)=0,"MANQUANT","OK") -> OK
A2: A02 | B2: =IF(COUNTIF(cleaned_correspondence!E:E,A2)=0,"MANQUANT","OK") -> OK
A3: A03 | B3: =IF(COUNTIF(cleaned_correspondence!E:E,A3)=0,"MANQUANT","OK") -> OK
A4: B05 | B4: =IF(COUNTIF(cleaned_correspondence!E:E,A4)=0,"MANQUANT","OK") -> OK
A5: B06 | B5: =IF(COUNTIF(cleaned_correspondence!E:E,A5)=0,"MANQUANT","OK") -> OK
A6: B07 | B6: =IF(COUNTIF(cleaned_correspondence!E:E,A6)=0,"MANQUANT","OK") -> OK
A7: B08 | B7: =IF(COUNTIF(cleaned_correspondence!E:E,A7)=0,"MANQUANT","OK") -> OK
A8: B09 | B8: =IF(COUNTIF(cleaned_correspondence!E:E,A8)=0,"MANQUANT","OK") -> OK
A9: C10T12 | B9: =IF(COUNTIF(cleaned_correspondence!E:E,A9)=0,"MANQUANT","OK") -> OK
A10: C13T15 | B10: =IF(COUNTIF(cleaned_correspondence!E:E,A10)=0,"MANQUANT","OK") -> OK
A11: C16 | B11: =IF(COUNTIF(cleaned_correspondence!E:E,A11)=0,"MANQUANT","OK") -> OK
A12: C17_18 | B12: =IF(COUNTIF(cleaned_correspondence!E:E,A12)=0,"MANQUANT","OK") -> OK
... A50: T | B50: =IF(COUNTIF(cleaned_correspondence!E:E,A50)=0,"MANQUANT","OK") -> MANQUANT
